Recourse,Type,Topic,Subtopic,Link,Observation,
USP,Course,,,https://mooc.cps.sp.gov.br/,,
Freecodecamp,Course,Programming,,https://www.freecodecamp.org/news/new-online-courses/,,
Uri,Course,,,http://www.openculture.com/2019/10/1600-moocs-massive-open-online-courses-getting-started-in-october.html,,
ITA,Course,,,https://engenhariae.com.br/editorial/colunas/ita-libera-10-cursos-gratuitos-online-e-com-certificados?fbclid=IwAR138C-l1pZL-5t-6Zddx-_Ip3q55FzZ_GG5golLI0e2c2anSG5yr5XQmE8,,
FGV,Course,,,https://www.economiasc.com/2020/03/18/fgv-libera-55-cursos-online-gratuitos-para-fazer-durante-a-quarentena/amp/,,
Open Source Society University,MOOC,Data Science,,https://github.com/ossu/data-science,,
Open Source Society University,MOOC,Computer Science,,https://github.com/ossu/computer-science,,
W3 Schools,Course,,,https://www.w3schools.com/,,
Udemy,Course,Gratuito,,https://programacaopratica.com.br/2020/06/06/250-cursos-gratuitos-da-udemy/,,
Github,Notebooks,Data Science,,https://github.com/LearnDataSci/article-resources,,
Github,Book,Programming,Free,https://github.com/EbookFoundation/free-programming-books,,
,,Machine Learning,,https://www.classcentral.com/subject/machine-learning,,
,,Machine Learning,,https://madewithml.com/topics/,,
Analytics Vidhya,,Machine Learning,,https://www.analyticsvidhya.com/,,
Escola Livre IA,Course,Machine Learning,,http://escolalivre-ia.com.br/,,
Udemy,Course,Machine Learning,Feature Engineering,https://www.udemy.com/course/feature-engineering-for-machine-learning/,,
Udemy,Course,Machine Learning,Feature Selection,https://www.udemy.com/course/feature-selection-for-machine-learning/,,
Youtube,,Machine Learning,,https://www.youtube.com/watch?v=ujTCoH21GlA&list=PLzMcBGfZo4-mP7qA9cagf68V06sko5otr,,
Andrew NG,,Machine Learning,Python,https://www.johnwittenauer.net/machine-learning-exercises-in-python-part-1/,,
Google Colab,Notebook,Image,Dog breed,https://colab.research.google.com/drive/1POYE-S8jkKEwJvOfJyxAGW9jG1lHwzpy,,
,,Machine Learning,Neural Networks,https://iaexpert.com.br/index.php/2020/06/08/os-tipos-de-redes-neurais/,,
,Book,Deep Learning,,http://d2l.ai/index.html,,
,Book,Deep Learning,Recommendation Systems,http://d2l.ai/chapter_recommender-systems/index.html,,
,Platform,RegEx,,https://regexone.com/,,
,,RegEx,,http://regexlib.com/(X(1)A(K78s4bTDUFV6R4NBp3kBKUjoZOcb6xmTZnlSoYfQ4ycGT4jC1TEinnblSBkDhBlP95HFT5REb7xCb1g7Zjo-2E5yEHnNMa63X_rd2DRATh720eyWjlM40cWhzhKaHuJJIqaXc7GcXQfQfM2vD7c7YbYeZCx73BMxLPqc-8sKy6JaZUWU0YYqCAlRgVKlR8uh0))/CheatSheet.aspx?AspxAutoDetectCookieSupport=1,,
,,Text Mining,,https://www.tidytextmining.com/,,
,,Text Mining,,https://thriv.github.io/biodatasci/r-textmining.html,,
,,Text Mining,,https://felixluginbuhl.com/wikisourcer/articles/wikisourcer.html,,
R,,Text Mining,,https://cran.r-project.org/web/packages/tidytext/vignettes/tidytext.html,,
IBM,Course,Data Science,,https://cognitiveclass.ai/,,
IBM,Course,Data Science,,https://cognitiveclass.ai/badges/page/5,,
IBM,Course,Data Science,,https://cognitiveclass.ai/learn/data-science,,
IBM,Course,Data Science,,https://cognitiveclass.ai/courses/data-science-101,,
IBM,Course,Data Science,,https://cognitiveclass.ai/courses/data-science-hands-open-source-tools-2,,
IBM,Course,Data Science,,https://cognitiveclass.ai/courses/data-science-methodology-2,,
IBM,Course,Data Science,,https://cognitiveclass.ai/learn/data-science-r,,
IBM,Course,Data Science,,https://cognitiveclass.ai/courses/r-101,,
IBM,Course,Data Science,,https://cognitiveclass.ai/courses/using-r-with-databases,,
IBM,Course,Data Science,,https://cognitiveclass.ai/courses/data-visualization-with-r,,
IBM,Course,Data Science,,https://cognitiveclass.ai/courses/learn-sql-relational-databases,,
IBM,Course,Data Science,,https://cognitiveclass.ai/badges/applied-data-science-python,,
IBM,Course,Data Science,,https://cognitiveclass.ai/courses/python-for-data-science,,
IBM,Course,Data Science,,https://cognitiveclass.ai/courses/data-analysis-python,,
IBM,Course,Data Science,,https://cognitiveclass.ai/courses/data-visualization-with-python,,
R,Application,Visualization,Maps,https://rpubs.com/andreasancheztapia/176768,,
R,Application,Visualization,Maps,https://cran.r-project.org/web/packages/brazilmaps/brazilmaps.pdf,,
R,Application,Visualization,Maps,https://cran.r-project.org/web/packages/geobr/vignettes/intro_to_geobr.html,,
Kaggle,Challenges,Machine Learning,,https://www.kaggle.com/learn/overview,,
DataCamp,Platform,Programming,,https://learn.datacamp.com/projects/33,,
Open Machine Learning,Course,Machine Learning,,https://www.openml.org/,,
Netflix,Challenges,Machine Learning,,https://bits.blogs.nytimes.com/2009/09/21/netflix-awards-1-million-prize-and-starts-a-new-contest/,,
Netflix,Challenges,Machine Learning,,http://blog.echen.me/2011/10/24/winning-the-netflix-prize-a-summary/,,
Netflix,Challenges,Machine Learning,,https://www.netflixprize.com/assets/GrandPrize2009_BPC_BellKor.pdf,,
Group Lens,Database,Movies,,https://grouplens.org/datasets/movielens/latest/,,
Group Lens,Database,Movies,,https://grouplens.org/datasets/movielens/10m/,,
Lego,Database,Lego,,https://rebrickable.com/downloads/,,
KDnuggets,Notebooks,,,KDnuggets.com,,
,Book,Deep Learning,Games,http://deeplearningbook.com.br/inteligencia-artificial-para-jogar-blackjack-parte-2/,,
Code Signal,Challenges,Machine Learning,,https://codesignal.com/,,
Codingame,Challenges,Machine Learning,,https://www.codingame.com/start,,
Hacker Rank,Challenges,Machine Learning,,https://marketing.hackerrank.com/,,
Code Wars,Challenges,Machine Learning,,https://www.codewars.com/,,
DataCamp,Platform,Programming,SQL,https://campus.datacamp.com/courses/introduction-to-sql/selecting-columns?ex=1,,
Postgre,Tutorial,SQL,,https://www.postgresqltutorial.com/postgresql-sample-database/,,
Udemy,Platform,Programming,SQL,https://www.learndatasci.com/out/udemy-the-complete-sql-bootcamp/,,
FreeCodeCamp,Platform,SQL,Postgre,https://www.freecodecamp.org/news/postgresql-full-course/,,
Spurious Correlations,Site,Estatística,,http://tylervigen.com/spurious-correlations,,
,,,,,,
,,,,,,
,,,,,,
,,,,,,
,,,,,,
,,,,,,
,,,,,,
,,,,,,
,,,,,,
,,,,,,
,,,,,,
,,,,,,
,,,,,,
,,,,,,
,,,,,,
,,,,,,
,,,,,,
,,,,,,
,,,,,,
,,,,,,
,,,,,,
,,,,,,
,,,,,,
,,,,,,
,,,,,,
,,,,,,
Github,,ENEM,,https://github.com/erickamorim/Ciencia-de-Dados/tree/master/Desafio_Notas_ENEM2016,,
Kaggle,,EDA,Comprehensive data exploration with Python,https://www.kaggle.com/pmarcelino/comprehensive-data-exploration-with-python,,
,,Pandas,Modern Pandas (Part 1),https://tomaugspurger.github.io/modern-1-intro.html,,
,,Pandas,Modern Pandas (Part 2): Method Chaining,https://tomaugspurger.github.io/method-chaining,,
,,Pandas,Modern Pandas (Part 3): Indexes,https://tomaugspurger.github.io/modern-3-indexes,,
,,Pandas,Modern Pandas (Part 4): Performance,https://tomaugspurger.github.io/modern-4-performance,,
,,Pandas,Modern Pandas (Part 5): Tidy Data,https://tomaugspurger.github.io/modern-5-tidy,,
,,Machine Learning,An introduction to machine learning with scikit-learn,https://scikit-learn.org/stable/tutorial/basic/tutorial.html,,
,,Machine Learning,Introduction to Linear Regression,http://onlinestatbook.com/2/regression/intro.html,,
Coursera,,Machine Learning,Model Representation,https://www.coursera.org/lecture/machine-learning/model-representation-db3jS,,
Coursera,,Machine Learning,Multiple Features,https://www.coursera.org/lecture/machine-learning/multiple-features-6Nj1q,,
,,Scikit Learn,How to run Linear regression in Python scikit-Learn,https://bigdata-madesimple.com/how-to-run-linear-regression-in-python-scikit-learn/,,
,,Desafios,Netflix competition,https://netflixtechblog.com/netflix-recommendations-beyond-the-5-stars-part-1-55838468f429,,
,,Streamlit,,https://www.youtube.com/watch?v=_9WiB2PDO7k,,
,,Streamlit,,https://discuss.streamlit.io/t/experimenting-with-the-layout-including-a-grid/895/3,,
,,Streamlit,app,https://www.linkedin.com/posts/julioz4p_juliozapaceleradevds-activity-6680569626729951232-NAyx,,
,,Streamlit,app,https://edastreamlit.herokuapp.com/,,
,,Streamlit,app,https://mytwitterdata.herokuapp.com/,Kamila Toyota,
,,Streamlit,app,https://www.youtube.com/watch?v=Cvcr_I27w8Q&t=1s,Kamila Toyota,
,,Streamlit,app,https://midoritoyota.netlify.app/,Kamila Toyota,
,,Streamlit,app,https://healthexpensespredictor.herokuapp.com/,Simone Perazzoli,
,,Streamlit,app,https://github.com/simoneperazzoli/pycaret-deployment-streamlit,Simone Perazzoli,
,,Streamlit,app,https://surviving-disaster.herokuapp.com/,Titanic,
,,Streamlit,app,https://pacific-crag-44117.herokuapp.com/,Covid,
,,Streamlit,app,https://github.com/BomfimThiago/Covid_streamlit_altair_python/blob/master/projeto.py,Covid,
,,Streamlit,app,https://github.com/glauciodrumond/airbnb-app,Airbnb,
,,Streamlit,app,https://www.linkedin.com/feed/update/urn:li:activity:6683503284419997696/,Bovespa,
,,Streamlit,app,https://www.linkedin.com/posts/germano-yoneda-66134516b_no-programa-de-acelera%C3%A7%C3%A3o-da-codenation-foi-ugcPost-6685347936236261376-SBTF,Bovespa,
,,Streamlit,app,https://bit.ly/aceleradev-semana-3,Disponibilização para Locação,
,,Streamlit,app,https://app-real-state.herokuapp.com/,Disponibilização para Locação,
,,Streamlit,app,https://github.com/jpvazquezz/AceleraDev_DataScience/tree/master/Streamlit,Mapa Cidades Brasileiras,
,,Streamlit,app,https://www.linkedin.com/posts/klismam-pereira_streamlit-activity-6685283328498679808-O_-e,Planilhas,
,,Streamlit,app,https://www.linkedin.com/posts/andreangeluci_datascience-codenation-aceleradev-activity-6686064071009177600-O9ie,Votos,
,,Streamlit,app,https://analisador-estoque-streamlit.herokuapp.com/,Mobilidade de Estoque com Recomendação de Clientes,
,,Streamlit,app,https://afternoon-lake-97607.herokuapp.com/,,
,,Streamlit,app,https://ciopapp.herokuapp.com/,,
,,Streamlit,app,https://ica-cocktail-solver.herokuapp.com/,,
,,Streamlit,app,https://fashionmnistigti.herokuapp.com/,redes neurais MNIST,
,,Streamlit,app,https://codenation-eda-app.herokuapp.com/,redes neurais MNIST,
,,Streamlit,app,https://www.linkedin.com/posts/glaucio-drumond-1734a018b_codenation-datascience-datascientist-activity-6681687822149144576-0qIg,redes neurais MNIST,
,,Streamlit,app,https://github.com/ViniViniAntunes/Prevendo_Valor_de_Aluguel_em_SP,Valor Aluguel SP,
,,Streamlit,app,https://www.youtube.com/watch?v=3je_ruSK0rA,Valor Aluguel SP,
,,Streamlit,Deploy via Heroku,https://youtu.be/skpiLtEN3yk,,
,,Streamlit,Deploy via Heroku,https://towardsdatascience.com/from-streamlit-to-heroku-62a655b7319,,
,,Streamlit,Deploy via Heroku,https://www.youtube.com/watch?v=mQ7rGcE766k,,
,,Streamlit,Deploy via Heroku,https://medium.com/@gustavo_domingues/como-fazer-deploy-de-sua-aplica%C3%A7%C3%A3o-streamlit-no-heroku-5fc1d2609df7,,
,,Streamlit,Blog,https://www.youtube.com/watch?v=5lExrH-eNCw,,
,,Redução Dimensionalidade,UMAP,https://pair-code.github.io/understanding-umap/,,
,,sklearn,Pipelines,,https://medium.com/data-hackers/como-usar-pipelines-no-scikit-learn-1398a4cc6ae9,
,,Aplicações,Partidos Congresso,https://jornal.usp.br/ciencias/modelo-matematico-busca-entender-comportamento-dos-partidos-politicos-no-congresso/,,
,,Visualization,,https://github.com/DanOliveira-DS/codenation/blob/master/semana%203/EDA_v01.ipynb,,
,,Visualization,,https://towardsdatascience.com/a-gentle-introduction-to-exploratory-data-analysis-f11d843b8184,,
,,Visualization,,https://medium.com/@alark/we-need-more-interactive-data-visualization-tools-for-the-web-in-python-ad80ec3f440e,,
,,Visualization,,https://levelup.gitconnected.com/learn-hiplot-in-6-mins-facebooks-python-library-for-machine-learning-visualizations-330129d558ac,,
,,Visualization,Tipos de gráfico por tipo de variável,https://www.data-to-viz.com/?fbclid=IwAR3obSWr-lrRlu9X3raiC9-a43JI4treC7lFFst5TsfD-zPQnYd5OPj0N60,,
,,Visualization,MatplotlibVsSeabornVsPlotly,https://www.youtube.com/watch?v=hRxULrK7bQY,,
,,Visualization,Python Graph Gallery,https://python-graph-gallery.com/,,
,,Visualization,Data to Viz,https://www.data-to-viz.com/,,
,,Visualization,Article,https://towardsdatascience.com/the-next-level-of-data-visualization-in-python-dd6e99039d5e?gi=d55683ddd554,,
,,Visualization,Cores,https://medium.com/nightingale/how-to-choose-the-colors-for-your-data-visualizations-50b2557fa335,,
,,Visualization,Bokeh,https://docs.bokeh.org/en/latest/index.html,,
,,Visualization,Altair,https://colab.research.google.com/drive/1pcmQicQ7J9MYA164OA__9l3i0XxanPG3#scrollTo=2_ozPvPD73Zm,,
,,Visualization,Altair,https://altair-viz.github.io/user_guide/customization.html,,
,,Visualization,Dash,https://public.tableau.com/profile/lucas.alves#!/vizhome/covid-19_15846311132790/Covid-19,,
,,Visualization,Yellowbrick,https://medium.com/data-science-community-srm/machine-learning-visualizations-with-yellowbrick-3c533955b1b3,,
,,Categorical,Label Encoder,https://towardsdatascience.com/categorical-encoding-using-label-encoding-and-one-hot-encoder-911ef77fb5bd,,
,,Categorical,Label Encoder,https://www.it-swarm.dev/pt/python/get-dummies-do-panda-vs.-onehotencoder-do-sklearn-quais-sao-os-pros-e-os-contras/824881267/,,
,,Cluster binário,,http://www.iaeng.org/publication/WCECS2017/WCECS2017_pp394-398.pdf,,
,,Cluster binário,,https://github.com/pepe78/POPC-examples-python,,
,,Deep learning,,https://deep-learning-drizzle.github.io/,,
,,Lives,Mario Filho,https://www.youtube.com/user/marionefilho/videos,,
,,Lives,Probability,https://seeing-theory.brown.edu/basic-probability/index.html,,
,,Gitlab,Random Forest,https://gitlab.com/murilocaldeira/bostonpriceforecast,,
,,Gitlab,Random Forest,https://bostonpriceforecast.herokuapp.com/,,
,,Estatística,Normalizar ou Padronizar,https://bit.ly/aceleradev-semana2,,
,,Estatística,Distribuição acumulada empírica,https://machinelearningmastery.com/empirical-distribution-function-in-python/,,
,,Estatística,Binomial,https://www.youtube.com/watch?v=J8jNoF-K8E8,,
,,Python,Canal,https://www.youtube.com/watch?v=ezfr9d7wd_k&list=PLHz_AreHm4dksnH2jVTIVNviIMBVYyFnH&index=29,Guanabara,
,,Python,Dict comprehension,https://www.python.org/dev/peps/pep-0274/,,
,,Pingouin,Statistics,https://github.com/raphaelvallat/pingouin,,
,,Pandas,JSON,https://pandas.pydata.org/pandas-docs/stable/reference/api/pandas.read_json.html,,
,,Pandas,JSON,https://medium.com/@renatojlelis/trabalhando-com-json-no-python-1eb0f97c0c50,,
,,Pandas,JSON,https://thepythonguru.com/reading-and-writing-json-in-python/,,
,,Pandas,JSON,https://pandas.pydata.org/pandas-docs/stable/reference/api/pandas.DataFrame.to_json.html,,
,,Pandas,JSON,https://pt.stackoverflow.com/questions/236017/exportando-dados-em-json-ou-txt-no-python,,
,,Anaconda,,https://www.youtube.com/playlist?list=PLqiFjCF_dtcymXtdjwAP4s7tRoW4CYwnH,,
,,Anaconda,,https://youtu.be/cHegZlgJpVA,,
,,Anaconda,,https://docs.conda.io/projects/conda/en/latest/user-guide/tasks/manage-environments.html,,
,,Python,Lambda,https://medium.com/swlh/lambdas-in-python-4-practical-examples-25afe0e44f88,,
,,Python,Lists,https://medium.com/better-programming/when-not-to-use-lists-in-python-5-alternatives-to-consider-11121a6ec33,,
,,Python,Lists,http://stutzbachenterprises.com/blist/,,
,,Python,Lists,https://pypi.org/project/blist/,,
,,Information extraction,,https://www.analyticsvidhya.com/blog/2020/06/nlp-project-information-extraction/,,
,,Jupyter Notebook,,https://towardsdatascience.com/top-9-jupyter-notebook-extensions-7a5d30269bc8,,
,,Jupyter Notebook,Publicar no Medium,https://pypi.org/project/jupyter-to-medium/,,
,,Jupyter Notebook,Venv,https://janakiev.com/blog/jupyter-virtual-envs/,,
,,Jupyter Notebook,viewer Jupyter,https://nbviewer.jupyter.org/github/joobernardo/Portfolio_DS/blob/master/Codenation_DS/Desafios_semana2/main.ipynb,,
,,Programação,Algorithms,https://www.coursera.org/specializations/algorithms,Curso,Coursera
,,Machine Learning,Regressão,https://www.youtube.com/watch?v=lrdJ4c_-otA,Escola Livre de IA,
,,Machine Learning,Importance Modelo Supervisionado,https://scikit-learn.org/stable/modules/generated/sklearn.inspection.permutation_importance.html#sklearn.inspection.permutation_importance,,
,,Machine Learning,GPU,https://github.com/rapidsai/cloud-ml-examples,,
,,Machine Learning,GPU,https://github.com/rapidsai/notebooks-contrib,,
,,Machine Learning,GPU,https://pythran.readthedocs.io/en/latest/,Pythran,
,,Machine Learning,GPU,https://serge-sans-paille.github.io/pythran-stories/pythran-tutorial.html,Pythran,
,,Machine Learning,GPU,https://github.com/ysraell/examples/blob/master/Pythran/Basic_Tutorial.ipynb,Pythran,
,,Machine Learning,GPU,https://github.com/ysraell/examples/tree/master/Cpp_Boost_Python,Pythran,
,,Machine Learning,GPU,https://github.com/google/jax,Jax,
,,Machine Learning,GPU,https://jax.readthedocs.io/en/latest/notebooks/quickstart.html,Jax,
,,Machine Learning,,https://www.youtube.com/playlist?list=PL5-da3qGB5ICeMbQuqbbCOQWcS6OYBr5A,,
,,Numpy,,https://www.youtube.com/watch?v=QUT1VHiLmmI,,
,,Data Science,Programação,https://hackr.io/tutorials/learn-data-science,,
,,Data Science,Microsoft,https://www.microsoft.com/pt-br/academia,,
,,Estatística,Normalizar vs padronizar,https://medium.com/data-hackers/normalizar-ou-padronizar-as-vari%C3%A1veis-3b619876ccc9,,
,,Estatística,Normalizar vs padronizar,https://medium.com/tentando-ser-um-unic%C3%B3rnio/porqu%C3%AA-e-quando-%C3%A9-necess%C3%A1rio-normalizar-os-dados-92e5cce445aa,,
,,Data Science,R,https://www.chi2innovations.com/blog/resources/ebooks/free-data-science-ebooks-july-2020/?ck_subscriber_id=723952418,Free book,
,,Kaggle,,https://www.kaggle.com/rubenssjr/brasilian-houses-to-rent?select=houses_to_rent_v2.csv,,
,,Markdown,,https://github.com/ysraell/examples/blob/master/python_tips/Markdown_examples.ipynb,,
,,Data Science,Carreira,https://discuss.analyticsvidhya.com/t/a-comprehensive-learning-path-to-become-a-data-scientist-in-2020/87673,,
,,Data Science,Learning Path,https://medium.com/ml-research-lab/data-scientist-learning-path-2018-a82e67d49d8e,,
,,Data Science,Estatística,https://medium.com/ml-research-lab/how-to-self-learn-statistics-of-data-science-c05db1f7cfc3,,
,,Data Science,Matemática,3 cursos no Coursera da Imperial London College de mat pra Machine Learning,,
,,Data Science,Matemática,https://towardsdatascience.com/mathematics-for-data-science-e53939ee8306,,
,,Data Science,Story Telling,https://www.practicalecommerce.com/7-storytelling-techniques-and-how-to-apply-them,,
,,Data Science,Logistic Regression,https://ryxcommar.com/2020/06/27/why-do-so-many-practicing-data-scientists-not-understand-logistic-regression/,,
,,Data Science,Cursos,https://cio.com.br/os-melhores-cursos-gratuitos-de-ciencia-de-dados-durante-a-quarentena/,,
,,Data Science,Cursos,https://www.datascienceacademy.com.br/,,
,,Visualização,LOL,https://medium.com/data-hackers/mapa-de-kills-no-league-of-legends-com-datashader-8ec53215d432,,
,,Business,Lead,https://www.instagram.com/p/CCHZU2xBsoE/?utm_source=ig_web_copy_link,,
,,Business,Lead,https://rockcontent.com/blog/o-que-e-lead/#oque,,
,,IA,Ética e Leis,https://www.youtube.com/watch?v=NyfoTcAoPIg,,
,,Estatística,Binomial~Normal,https://www.ime.usp.br/~rfaria/cursos/verao-2019/Aulas/Aula%2010/Aproximacao_da_Binomial_pela_Normal.pdf,,
,,Eventos,Hackaton,https://datahack.analyticsvidhya.com/contest/janatahack-recommendation-systems/True/#ProblemStatement,,
,,Estatística,,https://www.youtube.com/playlist?list=PL8dPuuaLjXtNM_Y-bUAhblSAdWRnmBUcr,,
,,Eventos,Women in DS,https://www.youtube.com/watch?v=emVOfDR5UXk,,
,,Artigos,Como ler Artigos by Andrew NG,https://www.youtube.com/watch?v=733m6qBH-jI,,
,,Artigos,,https://paperswithcode.com/methods,,
,,ML,Hermione,https://medium.com/a3data/hermione-para-data-scientists-562f5003dda2,,
,,Python,book,http://automatetheboringstuff.com/,,
,,Estatística,Curso,https://online.stanford.edu/courses/sohs-ystatslearning-statistical-learning,,
,,Github,renderiza sem .js,https://nbviewer.jupyter.org/,,
,,Eventos,Webinar,https://exame.com/academy/exame-oferece-webinar-gratuito-o-mercado-de-trabalho-em-ciencia-de-dados/,,
,,Ciência,Hipótese,https://www.ibm.com/blogs/digital-transformation/br-pt/nao-adianta-termos-bons-dados-se-nao-fizermos-boas-perguntas/,,
,,Estatística,Teste significância,https://pt.khanacademy.org/math/statistics-probability/significance-tests-one-sample,,
,,Estatística,Teste hipótese,https://www.inf.ufsc.br/~andre.zibetti/probabilidade/index.html,,
,,Estatística,Teste hipótese,https://www.youtube.com/watch?v=h4QcWDDlrW0&list=PL7xT0Gz6G0-TfV-S6WiGDvIsZds6Pv_g8,,
,,Estatística,Teste hipótese,https://towardsdatascience.com/is-stockholm-getting-hotter-c7ce8a9008ee,,
,,Estatística,Teste hipótese,https://www.youtube.com/watch?v=S3V5qJ1bxhk&t=644s,,
,,Estatística,Teste hipótese,http://www.portalaction.com.br/,,
,,Estatística,Teste hipótese,https://www.socscistatistics.com/pvalues/tdistribution.aspx,,
,,Estatística,Teste hipótese,https://www.youtube.com/watch?v=z-HSsVARNnk,,
,,Estatística,Teste hipótese,https://www.alura.com.br/conteudo/estatistica-testes-hipotestes,,
,,Estatística,Teste hipótese,https://github.com/ClarisseAlvarenga/data_science_alura_cursos/blob/master/Tabelas_Estat%C3%ADsticas.ipynb,,
,,Estatística,Teste hipótese,https://github.com/ViniViniAntunes/Analise-descritiva-PNAD-2015_Parte-1,,
,,Estatística,Teste hipótese,https://www.youtube.com/watch?v=vemZtEM63GY,,
,,Estatística,Teste hipótese,https://youtu.be/bf3egy7TQ2Q?t=281,,
,,Estatística,Teste hipótese,https://statisticsbyjim.com/hypothesis-testing/hypothesis-tests-significance-levels-alpha-p-values/,,
,,Estatística,Teste hipótese,https://nymarya.github.io/o-absurdo-do-teste-de-hipotese/,,
,,Estatística,Teste hipótese,https://www.youtube.com/watch?v=99ag4jdSeok,,
,,Estatística,Teste hipótese,https://medium.com/swlh/lambdas-in-python-4-practical-examples-25afe0e44f88,,
,,Estatística,Teste hipótese,https://www.youtube.com/watch?v=S3V5qJ1bxhk,,
,,Estatística,Teste hipótese,https://towardsdatascience.com/statistical-significance-hypothesis-testing-the-normal-curve-and-p-values-93274fa32687,,
,,Estatística,Teste hipótese,https://medium.com/data-hackers/o-que-realmente-um-teste-de-hip%C3%B3teses-quer-nos-dizer-b82801b03529,,
,,Estatística,P-value,https://blog.minitab.com/blog/adventures-in-statistics-2/how-to-correctly-interpret-p-values,,
,,Estatística,P-value,https://blog.minitab.com/blog/adventures-in-statistics-2/the-american-statistical-associations-statement-on-the-use-of-p-values,,
,,Estatística,Kolmogorov-Smirnov,http://soniavieira.blogspot.com/2018/12/kolmogorov-smirnov-teste-de-normalidade.html,,
,,Estatística,Shapiro-Wilk,https://youtu.be/c8534_OfQPQ,,
,,Estatística,Comparativo,http://www.biostathandbook.com/testchoice.html,,
,,Aplicações,Brazil Imports and Exports,https://github.com/renatavillar/imports_export,,
,,Artigos e Github,,https://paperswithcode.com/,,
,,Artigos e Github,,https://machinelearning.apple.com/,,
,,Estatística,Bins,https://www.eecis.udel.edu/~portnoi/classroom/prob_estatistica/2006_1/lecture_slides/aula04.pdf,,
,,Estatística,Amostra,https://pt.khanacademy.org/math/statistics-probability/designing-studies/sampling-methods-stats/a/sampling-methods-review,,
,,Estatística,PDF CDF PMF,https://www.youtube.com/watch?v=YXLVjCKVP7U&t=27s,,
,,Estatística,livro,Charles Wheelna,,
,,Estatística,livro,An Introduction to Statistical Learning with R - 2013,,
,,Estatística,livro,All of Statistics - Larry Wasserman 2004,,
,,Estatística,livro,Introductory Statistics with R - Dalgaard 2008,,
,,Estatística,curso,https://ocw.mit.edu/courses/mathematics/18-05-introduction-to-probability-and-statistics-spring-2014/,,
,,Machine Learning,Imagens,https://www.linkedin.com/posts/viniciuscarida_machinelearning-datascience-cnn-activity-6686056835687976960-JaEX,,
,,Estatística,TCL,https://www.youtube.com/watch?v=uTpaICj8bow&list=PLjdDBZW3EmXe6hO2Rt5Q9I5wzRZ7j7K8P,,
,,Machine Learning,Financeiro,https://www.youtube.com/playlist?list=PLQVvvaa0QuDe6ZBtkCNWNUbdaBo2vA4RO,,
,,Machine Learning,Financeiro,https://www.youtube.com/channel/UCkBKRTla-WORg2aKwLo-iZg,,
,,Machine Learning,Financeiro,https://www.youtube.com/watch?v=SEQbb8w7VTw,,
,,Machine Learning,Financeiro,https://www.youtube.com/watch?v=fjQLboLjCRo,,
,,Database,,https://archive.ics.uci.edu/ml/index.php,,
,,Database,,https://towardsdatascience.com/top-10-great-sites-with-free-data-sets-581ac8f6334,,
,,Database,,http://www.dados.gov.br/,,
,,R,Livros,https://www.chi2innovations.com/blog/resources/ebooks/free-data-science-ebooks-july-2020/?ck_subscriber_id=723952418,,
,,Data Science,Portfolio,https://www.youtube.com/watch?v=yGZ6LLEyaV8,,
,,Data Science,Portfolio,https://github.com/sajal2692/data-science-portfolio/blob/master/finding_donors/finding_donors.ipynb,,
,,Data Science,Portfolio,https://sejaumdatascientist.com/os-5-projetos-de-data-science-que-fara-o-recrutador-olhar-para-voce/,,
,,Machine Learning,Feature Selection,https://www.amazon.com/Feature-Selection-Recognition-Computational-Intelligence/dp/3662456192,,
,,Machine Learning,Feature Selection,https://www.igi-global.com/chapter/survey-feature-selection-techniques/11077,,
,,Machine Learning,Feature Selection,https://towardsdatascience.com/feature-selection-techniques-in-machine-learning-with-python-f24e7da3f36e#:~:text=Feature%20Selection%20is%20the%20process,learn%20based%20on%20irrelevant%20features.,
,,Machine Learning,PCA,https://www.youtube.com/watch?v=FgakZw6K1QQ&t=328s,,
,,Machine Learning,PCA,https://www.kaggle.com/nirajvermafcb/principal-component-analysis-explained,,
,,Estatística,Selecao Bayesiana,https://github.com/erickamorim/Selecao-Bayesiana-de-Modelos,,
,,Utils,Cloud Notebook,https://deepnote.com/,,
,,Machine Learning,Canal,https://www.youtube.com/channel/UC5MXrSUoLW0JRd2j7q1ef7Q,,
,,Eventos,Imersão React,https://www.youtube.com/watch?v=XJ3sr259SDI&feature=emb_title,,
,,Machine Learning,Canvas,https://medium.com/louis-dorard/from-data-to-ai-with-the-machine-learning-canvas-part-i-d171b867b047,,
,,Machine Learning,Canvas,http://scyfer.nl/2017/05/15/problem-ai-solution-machine-learning-canvas-2/,,
,,Python,,https://www.youtube.com/playlist?list=PLHz_AreHm4dlKP6QQCekuIPky1CiwmdI6,,
,,Python,,https://www.youtube.com/playlist?list=PLHz_AreHm4dm6wYOIW20Nyg12TAjmMGT-,,
,,Ciência,Aprendizagem Significativa,https://pt.wikipedia.org/wiki/Aprendizagem_significativa#:~:text=Aprendizagem%20significativa%20%C3%A9%20o%20conceito,da%20aprendizagem%20de%20David%20Ausubel.&text=As%20id%C3%A9ias%20novas%20s%C3%B3%20podem,que%20proporcionam%20as%20%C3%A2ncoras%20conceituais
,,Ciência,Aprendizagem Significativa,https://pt.wikipedia.org/wiki/David_Ausubel,,
,,Desafios,CodeWars,https://www.codewars.com/,,
,,Machine Learning,Feature Selection,https://www.youtube.com/watch?v=Bcn5e7LYMhg,,
,,Machine Learning,,https://www.linkedin.com/posts/machine-learning-mastery_framework-for-data-preparation-techniques-activity-6688158104410038272-zlEC,,
,,Desafios,HackerRank,https://www.hackerrank.com/,,
,,Data Science,,https://dadosaocubo.com/parceiro-de-publicacao-d3/,,
,,,,,,
,,Data Science,Vagas,https://br.ciandt.com/carreiras/programa-de-estagio-next-gen?utm_source=whatsapp&utm_medium=referral&utm_term=&utm_content=&utm_campaign=nextgen,CI&T,
,,Eventos,Data Science,https://conteudos.napratica.org.br/conexao/?utm_campaign=conexao&utm_medium=email&utm_source=rd_atracao#4-contratacao&utm_content=cta-bt1,,
,,Data Science,Carreira,https://www.youtube.com/watch?v=CHKw-zUeJA8,,
,,Eventos,Hackathon Covid 24-27 july,https://hackmakers.com/,,
,,Eventos,Maratona behind the code IBM,https://ibm.biz/Bdq8aT,,
,,Canais,Professor Guru,,,
,,Canais,Cassie Kozyrkov,https://www.linkedin.com/in/cassie-kozyrkov-9531919/,,
,,Canais,Cassie Kozyrkov,https://towardsdatascience.com/@kozyrkov,,
,,Canais,Cassie Kozyrkov,https://towardsdatascience.com/statistician-proves-that-statistics-are-boring-4fc22c95031b,,
,,Canais,Cassie Kozyrkov,https://hackernoon.com/explaining-p-values-with-puppies-af63d68005d0,,
,,Gravar vídeos,OBS Studio,,,
,,Data Science,xp,https://www.youtube.com/watch?v=yQvUU2YPPy4,,
,,Data Science,certifications 2020,https://towardsdatascience.com/top-9-data-science-certifications-in-2020-40b0192ade43,,
,,Machine Learning,Livro,https://mlbook.explained.ai/,,
,,Machine Learning,Livro,https://www.dropbox.com/s/e38nil1dnl7481q/machine_learning.pdf?dl=0,,
,,Deep learning,livro,https://www.deeplearningbook.org/,,
,,Data Science,Utils,https://www.notion.so/The-Best-Artificial-Intelligence-Machine-Learning-and-Data-Science-Resources-b3b97fa097b747698e87fd3badc657cf,,
,,Data Science,Produção,https://medium.com/analytics-and-data/overview-of-the-different-approaches-to-putting-machinelearning-ml-models-in-production-c699b34abf86,,
,,Data Science,Produção,https://www.youtube.com/watch?v=TZrzYQVxJEg,,
,,Data Science,Produção,https://vicki.substack.com/p/big-recsys-redux-recs-at-netflix,,
,,Data Science,Produção,https://www.youtube.com/channel/UCar5Cr-pVz08GY_6I3RX9bA,,
,,Estatística,Não paramétrica,https://pt.coursera.org/learn/estatistica-nao-parametrica,USP - decisão com pequenas amostras,
,,Machine Learning,Estatística,https://machinelearningmastery.com/statistics-for-machine-learning-mini-course/,,
,,Estatística,Galton Board,https://www.youtube.com/watch?v=UCmPmkHqHXk,,
,,Medium,,https://medium.com/@jangelojr/identification-of-the-ideal-number-of-clusters-5182b832ebcd,,
,,Canal IA,Felipe Deschamps,https://youtu.be/KdgKQoq1jk0,,
,,Python,,https://panda.ime.usp.br/pensepy/static/pensepy/index.html,,
,,Python,Code style,https://towardsdatascience.com/best-python-practices-for-data-scientists-11056edda8c7,,
,,Python,Code style,https://www.python.org/dev/peps/pep-0008/,,
,,Python,Code style,https://jupyter-contrib-nbextensions.readthedocs.io/en/latest/nbextensions/code_prettify/README_autopep8.html,,
,,Estatística,Normal,https://towardsdatascience.com/exploring-normal-distribution-with-jupyter-notebook-3645ec2d83f8,,
,,ML Summer School 2020,,http://mlss.tuebingen.mpg.de/2020/schedule.html,,
,,Visualization,Dark,https://paulozip.github.io/dark_characters_network/,,
,,Python for beginners,,https://www.youtube.com/watch?v=rfscVS0vtbw,,
,,Spark,,https://www.databricks.training/learn-from-home/index.html,,
,,Mapas mentais,,mindmeister.com,,
,,Ciência,Livro,Antônio Carlos Gil. Como elaborar projetos de pesquisa. 4ed 2002.,,
,,Python,List Comprehension,https://codenation.dev/private-journey/ds-online-2/challenge/manipulando-dados-iv,,
,,PowerShell,Python,https://programminghistorian.org/en/lessons/intro-to-powershell#using-command-line-tools-and-running-python-scripts,,